INSERT INTO user (id, created_at, updated_at, display_name, email, password, role, is_paying, last_consent_date) VALUES
                                                                                                                     (1, '2025-02-25 18:22:55', '2025-02-25 18:22:55', 'Falcon', 'falcon@email.com', '$2a$12$SAQVLDgqc2wnjkOjH6KlLO5qgUqNnI3Iaz23xpkbX7fZi9E5r/obS', 'user', 0, '2025-02-25 18:22:55'),
                                                                                                                     (2, '2025-01-15 00:00:00', '2025-01-15 00:00:00', 'Alice the Adventurer', 'alice_dm@example.com', '$2a$12$KvVMzr.aR89MfF9zKxkxteE7l2QqlScsYn7jrcbehgNdNOB0KvWzC', 'user', 1, '2025-01-15 00:00:00'),
                                                                                                                     (3, '2024-12-10 00:00:00', '2024-12-10 00:00:00', 'Bob the Bold', 'bob_dm@example.com', '$2a$12$cT27yJnNxFgmAthdoGL5M.lbbeuk0GA1Hu2gnAl2/SVUpsmwB/U3W', 'user', 0, '2024-12-10 00:00:00'),
                                                                                                                     (4, '2024-11-22 00:00:00', '2024-11-22 00:00:00', 'Charlie the Crafty', 'charlie_dm@example.com', '$2a$12$owL1MfN.ifgE3FfSsotaae2HGoon1IQF7l5WiWZRdKRbjWM.xgKSO', 'user', 1, '2024-11-22 00:00:00'),
                                                                                                                     (5, '2025-01-05 00:00:00', '2025-01-05 00:00:00', 'Diana the Determined', 'diana_dm@example.com', '$2a$12$zD0/qH7XOPjzBLQMsqZimupQC7GPbyQSzkr9Kj8uDY.vvQbFU3I4C', 'user', 1, '2025-01-05 00:00:00'),
                                                                                                                     (6, '2025-02-26 15:24:10', '2025-02-26 15:24:10', 'Brick', 'Brick@gmail.com', '$2a$12$57LZiiL09iLk.b/0rYOzquJqkne5jIR0ZL5DZygppn7NsRVSIU3nG', 'user', 0, '2025-02-26 15:24:10'),
                                                                                                                     (7, '2025-02-27 22:56:06', '2025-02-27 22:56:06', 'Meepo', 'Meepo@gmail.com', '$2a$12$.edi/VdkYCWXMEx/OhwQ8uiRXhQvVe0MEahtnCNlf98h3p4Cr6JPu', 'user', 0, '2025-02-27 22:56:06');                                                                            INSERT INTO race (id, created_at, updated_at, name) VALUES
                                                                                                                                                                                                                                                                                                                                                                                                                                         (2, '2025-03-01 14:47:07', '2025-03-01 14:47:09', 'Goliath'),
                                                                                                                                                                                                                                                                                                                                                                                                                                         (3, '2025-03-01 14:47:07', '2025-03-01 14:47:09', 'Elf'),
                                                                                                                                                                                                                                                                                                                                                                                                                                         (4, '2025-03-01 14:47:07', '2025-03-01 14:47:09', 'Human'),
                                                                                                                                                                                                                                                                                                                                                                                                                                         (5, '2025-03-01 14:47:07', '2025-03-01 14:47:09', 'Half-Orc'),
                                                                                                                                                                                                                                                                                                                                                                                                                                         (6, '2025-03-01 14:47:07', '2025-03-01 14:47:09', 'Dwarf'),
                                                                                                                                                                                                                                                                                                                                                                                                                                         (7, '2025-03-01 14:47:07', '2025-03-01 14:47:09', 'Tiefling'),
                                                                                                                                                                                                                                                                                                                                                                                                                                         (8, '2025-03-01 14:47:07', '2025-03-01 14:47:09', 'Halfling'),
                                                                                                                                                                                                                                                                                                                                                                                                                                         (9, '2025-03-01 14:47:07', '2025-03-01 14:47:09', 'Dragonborn'),
                                                                                                                                                                                                                                                                                                                                                                                                                                         (10, '2025-03-01 14:47:07', '2025-03-01 14:47:09', 'Gnome'),
                                                                                                                                                                                                                                                                                                                                                                                                                                         (11, '2025-03-01 14:47:07', '2025-03-01 14:47:09', 'Half-Elf'),
                                                                                                                                                                                                                                                                                                                                                                                                                                         (12, '2025-03-01 14:47:07', '2025-03-01 14:47:09', 'Orc'),
                                                                                                                                                                                                                                                                                                                                                                                                                                         (13, '2025-03-01 14:47:07', '2025-03-01 14:47:09', 'Goblin');

INSERT INTO class (id, created_at, updated_at, name) VALUES
                                                         (1, '2025-03-01 14:45:30', '2025-03-01 14:45:32', 'Barbarian'),
                                                         (2, '2025-03-01 14:45:30', '2025-03-01 14:45:32', 'Rogue'),
                                                         (3, '2025-03-01 14:45:30', '2025-03-01 14:45:32', 'Wizard'),
                                                         (4, '2025-03-01 14:45:30', '2025-03-01 14:45:32', 'Paladin'),
                                                         (5, '2025-03-01 14:45:30', '2025-03-01 14:45:32', 'Fighter'),
                                                         (6, '2025-03-01 14:45:30', '2025-03-01 14:45:32', 'Warlock'),
                                                         (7, '2025-03-01 14:45:30', '2025-03-01 14:45:32', 'Sorcerer'),
                                                         (8, '2025-03-01 14:45:30', '2025-03-01 14:45:32', 'Ranger'),
                                                         (9, '2025-03-01 14:45:30', '2025-03-01 14:45:32', 'Monk'),
                                                         (10, '2025-03-01 14:45:30', '2025-03-01 14:45:32', 'Artificer'),
                                                         (11, '2025-03-01 14:45:30', '2025-03-01 14:45:32', 'Bard'),
                                                         (12, '2025-03-01 14:45:30', '2025-03-01 14:45:32', 'Druid');

INSERT INTO character (id, created_at, updated_at, name, handle, race_id, image, owner_id) VALUES
                                                                                               (13, '2025-03-01 16:00:51', '2025-03-01 16:00:51', 'Grog the Mighty', 'handle:Grog the Mighty', 2, 'https://placehold.co/75.png', 7),
                                                                                               (14, '2025-03-01 16:03:45', '2025-03-01 16:03:45', 'Elara the Swift', 'handle:Elara the Swift', 3, 'https://placehold.co/75.png', 7),
                                                                                               (15, '2025-03-01 16:04:50', '2025-03-01 16:04:50', 'Nyx the Shadow', 'handle:Nyx the Shadow', 7, 'https://placehold.co/75.png', 7),
                                                                                               (16, '2025-03-01 16:14:25', '2025-03-01 16:14:25', 'k', 'handle:k', 3, 'https://placehold.co/75.png', 7),
                                                                                               (17, '2025-03-01 17:40:57', '2025-03-01 17:40:57', 'a', 'handle:a', 6, 'https://placehold.co/75.png', 6),
                                                                                               (18, '2025-03-04 11:21:30', '2025-03-04 11:21:30', 'Rat', 'handle:Rat', 3, 'https://placehold.co/75.png', 6),
                                                                                               (19, '2025-03-04 11:21:50', '2025-03-04 11:21:50', 'Grog the Mighty', '@Grog the Mighty', 2, 'https://placehold.co/75.png', 6),
                                                                                               (20, '2025-03-08 21:45:24', '2025-03-08 21:45:24', 'Grog the Mighty', '@Grog the Mighty', 2, '', 7);

INSERT INTO campaign_characters (campaign_id, character_id) VALUES
                                                                (3, 13),
                                                                (3, 14),
                                                                (3, 15),
                                                                (3, 16),
                                                                (3, 18);

INSERT INTO campaign (id, created_at, updated_at, name, signups_open, dungeon_master_id, max_players, banner, outline) VALUES
                                                                                                                           (3, '2025-02-01 17:17:59', '2025-02-01 17:17:59', 'The Lost Caverns', 1, 2, 5, '', 'Explore the deep mysteries of the lost caverns.'),
                                                                                                                           (4, '2025-02-01 17:17:59', '2025-02-01 17:17:59', 'Forest of Whispers', 1, 3, 4, '', 'Uncover secrets in a magical forest.'),
                                                                                                                           (5, '2025-02-01 17:17:59', '2025-02-01 17:17:59', 'Dreadhold Escape', 1, 4, 6, '', 'Break out from the high-security fortress Dreadhold.'),
                                                                                                                           (6, '2025-02-01 17:17:59', '2025-02-01 17:17:59', 'Desert of Shadows', 1, 5, 8, '', 'Survive the treacherous sands of the Desert of Shadows.');